title,release_date,type,duration,metascore,user_score,genres,weighted_score
j-hope IN THE BOX,2023-02-17,movie,1 h 25 m,8.3,9.9,"{'Documentary', 'Music'}",9.4
Pencils Vs Pixels,2023-11-07,movie,1 h 23 m,7.8,10.0,"{'Documentary', 'Biography'}",9.3
8 A.M. Metro,2023-05-19,movie,1 h 56 m,7.5,10.0,{'Drama'},9.2
2018,2023-05-05,movie,2 h 30 m,8.0,9.7,"{'Drama', 'Thriller', 'Action'}",9.2
"Our Father, the Devil",2023-08-25,movie,1 h 47 m,8.7,9.3,{'Thriller'},9.1
Anchorage,2023-06-16,movie,1 h 19 m,7.0,9.8,{'Drama'},9.0
Alan Pakula: Going for Truth,2023-04-07,movie,1 h 38 m,7.0,9.8,{'Documentary'},9.0
All Man: The International Male Story,2023-06-06,movie,1 h 23 m,7.0,9.8,{'Documentary'},9.0
A House Made of Splinters,2023-02-21,movie,1 h 27 m,7.9,9.4,{'Documentary'},9.0
Beyond Utopia,2023-10-23,movie,1 h 55 m,8.4,9.3,"{'History', 'Documentary', 'News', 'Biography'}",9.0
Lonesome Soldier,2023-11-03,movie,1 h 49 m,8.0,9.4,"{'Drama', 'Thriller', 'War', 'Biography'}",9.0
Aliens Abducted My Parents and Now I Feel Kinda Left Out,2023-08-18,movie,1 h 27 m,7.2,9.6,"{'Drama', 'Comedy', 'Sci-Fi'}",8.9
Amanda,2023-07-07,movie,1 h 33 m,8.1,9.2,{'Drama'},8.9
Ambush,2023-02-24,movie,1 h 44 m,7.0,9.7,"{'Thriller', 'War', 'Action'}",8.9
Summoning Sylvia,2023-03-31,movie,1 h 14 m,7.5,9.3,"{'Thriller', 'Horror', 'Comedy'}",8.8
Chantilly Bridge,2023-03-24,movie,1 h 26 m,7.5,9.3,{'Drama'},8.8
Trenque Lauquen Parte I,2023-04-21,movie,4 h 22 m,9.4,8.5,"{'Drama', 'Mystery', 'Thriller'}",8.8
SUGA: Road to D-DAY,2023-04-21,movie,1 h 20 m,9.1,8.7,"{'Documentary', 'Music', 'Biography'}",8.8
American Pain,2023-06-08,movie,1 h 46 m,7.2,9.3,"{'History', 'Documentary', 'Sport'}",8.7
Robot Dreams,2023-11-22,movie,1 h 42 m,8.7,8.7,"{'Drama', 'Animation', 'Music', 'Family'}",8.7
Renaissance: A Film by Beyoncé,2023-12-01,movie,2 h 49 m,8.6,8.7,"{'Documentary', 'Music'}",8.7
All of Us Strangers,2023-12-22,movie,1 h 45 m,9.0,8.4,"{'Drama', 'Fantasy', 'Romance'}",8.6
All Eyes Off Me,2023-01-20,movie,1 h 28 m,6.2,9.7,"{'Drama', 'Comedy'}",8.6
Oppenheimer,2023-07-21,movie,3 h,9.0,8.5,"{'Drama', 'History', 'Biography'}",8.6
Aloners,2023-06-09,movie,1 h 31 m,7.2,9.2,{'Drama'},8.6
All the World Is Sleeping,2023-03-17,movie,1 h 50 m,6.3,9.4,{'Drama'},8.5
Occupied City,2023-12-24,movie,4 h 26 m,7.6,8.9,"{'History', 'Documentary', 'War'}",8.5
A Million Miles Away,2023-09-15,movie,2 h 1 m,6.2,9.5,"{'Drama', 'Biography'}",8.5
Amerikatsi,2023-09-08,movie,2 h 1 m,6.2,9.5,{'Drama'},8.5
Leo,2023-10-18,movie,2 h 44 m,8.0,8.7,"{'Crime', 'Thriller', 'Drama', 'Action'}",8.5
Menus Plaisirs - Les Troisgros,2023-11-22,movie,4 h,9.2,8.2,{'Documentary'},8.5
A Radiant Girl,2023-02-17,movie,1 h 38 m,6.2,9.5,"{'Drama', 'History'}",8.5
After the Bite,2023-07-26,movie,1 h 28 m,7.0,9.1,{'Documentary'},8.5
20 Days in Mariupol,2023-07-14,movie,1 h 35 m,8.3,8.6,"{'Documentary', 'War'}",8.5
Past Lives,2023-06-02,movie,1 h 45 m,9.4,7.9,"{'Drama', 'Romance'}",8.4
American: An Odyssey to 1947,2023-09-08,movie,1 h 42 m,5.0,9.8,{'Documentary'},8.4
The Eternal Memory,2023-08-11,movie,1 h 25 m,8.5,8.3,{'Documentary'},8.4
A Lot of Nothing,2023-02-03,movie,1 h 44 m,5.5,9.5,"{'Drama', 'Thriller', 'Comedy'}",8.3
Immediate Family,2023-12-15,movie,1 h 42 m,7.5,8.6,"{'Documentary', 'Music'}",8.3
Perfect Days,2023-11-10,movie,2 h 4 m,8.0,8.4,{'Drama'},8.3
Walk Up,2023-03-24,movie,1 h 37 m,8.7,8.0,{'Drama'},8.2
The Mission,2023-10-13,movie,1 h 43 m,7.4,8.5,{'Documentary'},8.2
Godzilla Minus One,2023-12-01,movie,2 h 4 m,8.1,8.3,"{'Drama', 'Action', 'Horror', 'Adventure', 'Sci-Fi'}",8.2
Aristotle and Dante Discover the Secrets of the Universe,2023-09-08,movie,1 h 38 m,6.9,8.8,{'Drama'},8.2
99 Moons,2023-03-10,movie,1 h 50 m,5.0,9.6,{'Drama'},8.2
The First Slam Dunk,2023-07-28,movie,2 h 4 m,7.9,8.3,"{'Drama', 'Animation', 'Sport', 'Comedy'}",8.2
AKA,2023-04-28,movie,2 h 2 m,6.5,9.0,"{'Crime', 'Thriller', 'Action'}",8.2
The Holdovers,2023-10-27,movie,2 h 13 m,8.2,8.0,"{'Drama', 'Comedy'}",8.1
Still: A Michael J. Fox Movie,2023-05-12,movie,1 h 35 m,7.8,8.2,"{'Documentary', 'Biography'}",8.1
The Teachers' Lounge,2023-12-25,movie,1 h 38 m,8.2,8.1,{'Drama'},8.1
Fallen Leaves,2023-11-17,movie,1 h 21 m,8.6,7.9,"{'Drama', 'Comedy', 'Romance'}",8.1
To Kill a Tiger,2023-10-20,movie,2 h 8 m,8.8,7.6,{'Documentary'},8.0
Monster,2023-11-22,movie,2 h 7 m,7.9,8.1,"{'Drama', 'Thriller'}",8.0
Suzume,2023-04-14,movie,2 h 2 m,7.7,8.1,"{'Animation', 'Adventure', 'Fantasy', 'Action'}",8.0
Anatomy of a Fall,2023-10-13,movie,2 h 31 m,8.6,7.8,"{'Crime', 'Thriller', 'Drama'}",8.0
The Boy and the Heron,2023-11-22,movie,2 h 4 m,9.1,7.5,"{'Fantasy', 'Drama', 'Animation', 'Adventure', 'Family'}",8.0
The Blue Caftan,2023-02-10,movie,2 h 2 m,8.3,7.9,"{'Drama', 'Romance'}",8.0
Close,2023-01-27,movie,1 h 44 m,8.1,7.9,{'Drama'},8.0
Mission: Impossible – Dead Reckoning,2023-07-12,movie,2 h 43 m,8.1,7.9,"{'Thriller', 'Adventure', 'Action'}",8.0
Killers of the Flower Moon,2023-10-20,movie,3 h 26 m,8.9,7.6,"{'Mystery', 'Drama', 'History', 'Romance', 'Crime', 'Western'}",8.0
John Wick: Chapter 4,2023-03-24,movie,2 h 49 m,7.8,8.1,"{'Crime', 'Thriller', 'Action'}",8.0
A Little White Lie,2023-03-03,movie,1 h 41 m,4.2,9.5,{'Comedy'},7.9
Full Time,2023-02-03,movie,1 h 28 m,8.3,7.7,{'Drama'},7.9
Mad Heidi,2023-06-21,movie,1 h 32 m,10.0,7.0,"{'Fantasy', 'Comedy', 'Action', 'Horror', 'Adventure'}",7.9
"Are You There God? It's Me, Margaret",2023-04-28,movie,1 h 46 m,8.4,7.7,"{'Drama', 'Comedy', 'Family'}",7.9
Ernest and Celestine: A Trip to Gibberitia,2023-09-01,movie,1 h 20 m,7.8,7.9,"{'Drama', 'Animation', 'Comedy', 'Crime', 'Adventure', 'Family'}",7.9
The Zone of Interest,2023-12-15,movie,1 h 45 m,9.2,7.3,"{'Drama', 'History', 'War'}",7.9
The Venture Bros.: Radiant Is the Blood of the Baboon Heart,2023-07-21,movie,1 h 23 m,8.4,7.7,{'Animation'},7.9
The Iron Claw,2023-12-22,movie,2 h 12 m,7.3,8.0,"{'Drama', 'Sport', 'Biography'}",7.8
Stonewalling,2023-03-10,movie,2 h 28 m,8.4,7.5,{'Drama'},7.8
Society of the Snow,2023-12-22,movie,2 h 24 m,7.2,8.1,"{'Biography', 'Drama', 'History', 'Thriller', 'Adventure'}",7.8
A Haunting in Venice,2023-09-15,movie,1 h 43 m,6.3,8.4,"{'Mystery', 'Drama', 'Crime', 'Thriller', 'Horror'}",7.8
Falcon Lake,2023-06-02,movie,1 h 40 m,7.1,8.0,"{'Drama', 'Fantasy', 'Romance'}",7.7
The Beasts,2023-07-28,movie,2 h 17 m,8.5,7.3,"{'Drama', 'Thriller'}",7.7
The Wonderful Story of Henry Sugar,2023-09-20,movie,40 m,8.5,7.4,"{'Drama', 'Adventure', 'Comedy', 'Unknown'}",7.7
Albert Brooks: Defending My Life,2023-11-11,movie,1 h 28 m,7.4,7.8,"{'Documentary', 'Biography'}",7.7
Reality,2023-05-29,movie,1 h 23 m,8.4,7.4,{'Drama'},7.7
88,2023-02-17,movie,2 h 2 m,4.4,9.1,"{'Drama', 'Mystery', 'Thriller'}",7.7
The Taste of Things,2023-12-13,movie,2 h 15 m,8.5,7.4,"{'Drama', 'History', 'Romance'}",7.7
R.M.N.,2023-04-28,movie,2 h 5 m,8.1,7.6,{'Drama'},7.7
A Good Person,2023-03-24,movie,2 h 8 m,5.0,8.9,{'Drama'},7.7
Shin Kamen Rider,2023-05-31,movie,2 h 1 m,8.8,7.1,"{'Fantasy', 'Drama', 'Action', 'Adventure', 'Sci-Fi'}",7.6
Scarlet,2023-06-09,movie,1 h 40 m,7.4,7.7,"{'Drama', 'History', 'Romance'}",7.6
Air,2023-04-05,movie,1 h 51 m,7.3,7.8,"{'Drama', 'Sport'}",7.6
The Crime Is Mine,2023-12-25,movie,1 h 42 m,7.4,7.5,"{'Crime', 'Comedy'}",7.5
Paradise,2023-07-27,movie,1 h 57 m,5.0,8.6,"{'Thriller', 'Sci-Fi', 'Action'}",7.5
Bank of Dave,2023-08-25,movie,1 h 47 m,6.0,8.2,"{'Drama', 'Comedy', 'Biography'}",7.5
Linoleum,2023-02-24,movie,1 h 41 m,8.0,7.3,"{'Drama', 'Comedy', 'Sci-Fi'}",7.5
Kokomo City,2023-07-28,movie,1 h 13 m,7.9,7.3,{'Documentary'},7.5
The Deepest Breath,2023-07-19,movie,1 h 48 m,6.9,7.7,"{'Documentary', 'Sport', 'Adventure'}",7.5
Memory,2023-12-22,movie,1 h 43 m,7.1,7.7,{'Drama'},7.5
Andy Somebody,2023-04-18,movie,1 h 23 m,2.5,9.6,{'Comedy'},7.5
Stephen Curry: Underrated,2023-07-21,movie,1 h 50 m,6.9,7.7,"{'Documentary', 'Sport', 'Biography'}",7.5
American Fiction,2023-12-15,movie,1 h 57 m,8.1,7.3,"{'Drama', 'Comedy'}",7.5
Take Care of Maya,2023-06-19,movie,1 h 43 m,6.4,8.0,{'Documentary'},7.5
Victim/Suspect,2023-05-23,movie,1 h 30 m,6.7,7.8,"{'Crime', 'Documentary'}",7.5
Dungeons & Dragons: Honor Among Thieves,2023-03-31,movie,2 h 14 m,7.2,7.5,"{'Fantasy', 'Comedy', 'Adventure', 'Action'}",7.4
Four Daughters,2023-10-27,movie,1 h 47 m,8.0,7.1,{'Documentary'},7.4
Joyland,2023-04-07,movie,2 h 6 m,8.2,7.0,"{'Crime', 'Comedy', 'Drama'}",7.4
Guardians of the Galaxy Vol. 3,2023-05-05,movie,2 h 30 m,6.4,7.9,"{'Sci-Fi', 'Comedy', 'Adventure', 'Action'}",7.4
The Eight Mountains,2023-04-28,movie,2 h 27 m,7.8,7.2,{'Drama'},7.4
Rye Lane,2023-03-31,movie,1 h 22 m,8.2,7.0,"{'Drama', 'Comedy', 'Romance'}",7.4
The Delinquents,2023-10-18,movie,3 h 9 m,8.5,6.9,"{'Crime', 'Comedy', 'Drama'}",7.4
Hidden Blade,2023-02-17,movie,2 h 8 m,5.9,8.0,"{'Drama', 'History', 'Thriller'}",7.4
The Inventor,2023-09-15,movie,1 h 40 m,6.6,7.7,"{'Animation', 'Comedy', 'Adventure', 'Family'}",7.4
BlackBerry,2023-05-12,movie,2 h,7.8,7.2,"{'Drama', 'History', 'Comedy', 'Biography'}",7.4
Rock Hudson: All That Heaven Allowed,2023-06-28,movie,1 h 44 m,7.1,7.6,{'Documentary'},7.4
All Dirt Roads Taste of Salt,2023-11-03,movie,1 h 32 m,8.7,6.9,{'Drama'},7.4
Nimona,2023-06-23,movie,1 h 41 m,7.5,7.3,"{'Fantasy', 'Sci-Fi', 'Drama', 'Animation', 'Comedy', 'Action', 'Thriller', 'Adventure', 'Family'}",7.4
The Night of the 12th,2023-05-19,movie,1 h 55 m,8.1,7.0,"{'Crime', 'Mystery', 'Thriller', 'Drama'}",7.3
The Three Musketeers - Part I: D'Artagnan,2023-12-08,movie,2 h 1 m,7.9,7.0,"{'History', 'Adventure', 'Action'}",7.3
Emily,2023-02-17,movie,2 h 10 m,7.5,7.2,"{'Drama', 'History', 'Biography', 'Romance'}",7.3
Blue Jean,2023-06-09,movie,1 h 37 m,8.7,6.7,"{'Drama', 'History'}",7.3
The Disappearance of Shere Hite,2023-11-17,movie,1 h 58 m,8.3,6.9,{'Documentary'},7.3
The Pigeon Tunnel,2023-10-20,movie,1 h 32 m,7.9,7.0,"{'Documentary', 'Biography'}",7.3
May December,2023-11-17,movie,1 h 57 m,8.6,6.7,{'Drama'},7.3
Scrapper,2023-08-25,movie,1 h 24 m,7.4,7.3,"{'Drama', 'Comedy'}",7.3
The Color Purple,2023-12-25,movie,2 h 21 m,7.2,7.3,"{'Drama', 'Musical'}",7.3
Pinball: The Man Who Saved the Game,2023-03-17,movie,1 h 35 m,6.4,7.7,"{'Drama', 'Comedy', 'Biography'}",7.3
Rimini,2023-03-17,movie,1 h 54 m,8.1,7.0,"{'Drama', 'Music', 'Comedy'}",7.3
Nostalgia,2023-01-27,movie,1 h 57 m,7.6,7.1,{'Drama'},7.2
When Evil Lurks,2023-10-06,movie,1 h 39 m,7.5,7.1,{'Horror'},7.2
Flora and Son,2023-09-22,movie,1 h 37 m,7.6,7.1,"{'Music', 'Comedy', 'Romance'}",7.2
Tetris,2023-03-24,movie,1 h 58 m,6.1,7.7,"{'Drama', 'History', 'Thriller', 'Biography'}",7.2
De Humani Corporis Fabrica,2023-04-14,movie,1 h 55 m,9.2,6.4,{'Documentary'},7.2
Shooting Stars,2023-06-02,movie,1 h 56 m,6.2,7.7,"{'Drama', 'History', 'Sport', 'Biography'}",7.2
Diary of a Wimpy Kid Christmas: Cabin Fever,2023-12-08,movie,1 h 2 m,8.0,6.8,"{'Animation', 'Comedy', 'Adventure', 'Family'}",7.2
Unicorn Wars,2023-03-10,movie,1 h 32 m,7.3,7.1,"{'Fantasy', 'War', 'Drama', 'Animation', 'Comedy', 'Action', 'Horror'}",7.2
The Peasants,2023-12-08,movie,1 h 54 m,6.1,7.6,"{'Drama', 'History', 'Animation'}",7.2
Wham!,2023-07-05,movie,1 h 32 m,7.3,7.1,"{'Documentary', 'Music', 'Biography'}",7.2
Talk to Me,2023-07-28,movie,1 h 35 m,7.6,7.0,"{'Thriller', 'Horror'}",7.2
Theater Camp,2023-07-14,movie,1 h 32 m,7.0,7.1,{'Comedy'},7.1
Being Mary Tyler Moore,2023-05-26,movie,1 h 59 m,6.6,7.3,{'Documentary'},7.1
Showing Up,2023-04-07,movie,1 h 47 m,8.6,6.4,"{'Drama', 'Comedy'}",7.1
The Super Mario Bros. Movie,2023-04-05,movie,1 h 32 m,4.6,8.2,"{'Fantasy', 'Animation', 'Comedy', 'Adventure', 'Family'}",7.1
birth/rebirth,2023-08-18,movie,1 h 41 m,7.8,6.8,"{'Drama', 'Thriller', 'Horror'}",7.1
Milli Vanilli,2023-10-24,movie,1 h 46 m,7.2,7.0,"{'Documentary', 'Music', 'Biography'}",7.1
The Starling Girl,2023-05-12,movie,1 h 57 m,7.8,6.8,{'Drama'},7.1
Rotting in the Sun,2023-09-08,movie,1 h 49 m,7.0,7.1,"{'Mystery', 'Thriller', 'Comedy'}",7.1
Circus Maximus,2023-07-27,movie,1 h 15 m,5.0,8.0,{'Music'},7.1
Godland,2023-02-03,movie,2 h 23 m,8.1,6.7,{'Drama'},7.1
Pacifiction,2023-02-17,movie,2 h 45 m,7.5,6.9,"{'Drama', 'Thriller'}",7.1
Cairo Conspiracy,2023-01-27,movie,2 h 6 m,7.2,7.0,"{'Drama', 'Thriller'}",7.1
After Everything,2023-09-13,movie,1 h 33 m,2.5,9.0,"{'Drama', 'Romance'}",7.0
Ferrari,2023-12-25,movie,2 h 10 m,7.3,6.9,"{'Drama', 'History', 'Sport', 'Biography'}",7.0
Taylor Swift: The Eras Tour,2023-10-13,movie,2 h 49 m,8.2,6.5,"{'Documentary', 'Music'}",7.0
Creed III,2023-03-03,movie,1 h 56 m,7.3,6.8,"{'Drama', 'Sport', 'Action'}",7.0
Passages,2023-08-04,movie,1 h 31 m,8.0,6.5,"{'Drama', 'Romance'}",7.0
Dashing Through the Snow,2023-11-17,movie,1 h 32 m,6.0,7.5,"{'Fantasy', 'Comedy', 'Family'}",7.0
The Killer,2023-10-27,movie,1 h 58 m,7.3,6.8,"{'Mystery', 'Drama', 'Action', 'Crime', 'Thriller', 'Adventure'}",7.0
Klondike,2023-08-04,movie,1 h 40 m,8.3,6.4,"{'Drama', 'War'}",7.0
Jawan,2023-09-07,movie,2 h 49 m,8.5,6.3,"{'Musical', 'Drama', 'Action', 'Crime', 'Thriller'}",7.0
Asteroid City,2023-06-16,movie,1 h 45 m,7.6,6.8,"{'Drama', 'Sci-Fi', 'Comedy', 'Romance'}",7.0
Dream Scenario,2023-11-10,movie,1 h 42 m,7.4,6.8,"{'Drama', 'Fantasy', 'Horror', 'Comedy'}",7.0
The Adults,2023-08-18,movie,1 h 31 m,7.3,6.8,"{'Drama', 'Comedy'}",7.0
Tommy Guns,2023-04-12,movie,2 h,6.0,7.5,"{'Drama', 'War', 'Adventure'}",7.0
Saw X,2023-09-29,movie,1 h 58 m,6.0,7.4,"{'Mystery', 'Thriller', 'Horror'}",7.0
Sick of Myself,2023-04-12,movie,1 h 37 m,7.1,6.9,"{'Drama', 'Comedy'}",7.0
Afire,2023-07-14,movie,1 h 42 m,8.2,6.3,"{'Drama', 'Comedy', 'Romance'}",6.9
Evil Dead Rise,2023-04-21,movie,1 h 36 m,6.9,6.9,{'Horror'},6.9
Guy Ritchie’s The Covenant,2023-04-21,movie,2 h 3 m,6.3,7.1,"{'Drama', 'Thriller', 'War', 'Action'}",6.9
The Five Devils,2023-03-24,movie,1 h 43 m,6.8,7.0,"{'Drama', 'Fantasy', 'Romance'}",6.9
Leo,2023-11-17,movie,1 h 42 m,6.5,7.1,"{'Musical', 'Animation', 'Comedy', 'Adventure', 'Family'}",6.9
Missing,2023-01-20,movie,1 h 51 m,6.6,6.9,"{'Drama', 'Mystery', 'Thriller'}",6.8
They Cloned Tyrone,2023-07-14,movie,2 h 2 m,7.4,6.5,"{'Mystery', 'Thriller', 'Comedy', 'Sci-Fi'}",6.8
Red White & Royal Blue,2023-08-11,movie,1 h 58 m,6.2,7.0,"{'Comedy', 'Romance'}",6.8
Sitting in Bars with Cake,2023-09-08,movie,2 h,6.4,7.0,"{'Drama', 'Comedy', 'Romance'}",6.8
Polite Society,2023-04-28,movie,1 h 44 m,7.5,6.5,"{'Comedy', 'Action'}",6.8
A Thousand and One,2023-03-31,movie,1 h 57 m,8.1,6.3,"{'Crime', 'Drama'}",6.8
You Hurt My Feelings,2023-05-26,movie,1 h 33 m,8.0,6.3,"{'Drama', 'Comedy'}",6.8
Other People's Children,2023-04-21,movie,1 h 43 m,8.0,6.3,"{'Drama', 'Comedy', 'Romance'}",6.8
Little Richard: I Am Everything,2023-04-21,movie,1 h 41 m,8.1,6.3,"{'History', 'Documentary', 'Music', 'Biography'}",6.8
True Spirit,2023-02-03,movie,1 h 49 m,5.0,7.6,"{'Sport', 'Biography', 'Drama', 'Adventure', 'Family'}",6.8
Huesera: The Bone Woman,2023-02-10,movie,1 h 37 m,8.1,6.3,"{'Drama', 'Horror'}",6.8
The Lesson,2023-07-07,movie,1 h 43 m,6.2,6.9,{'Thriller'},6.7
Migration,2023-12-22,movie,1 h 23 m,5.6,7.2,"{'Animation', 'Comedy', 'Adventure', 'Family'}",6.7
Cassandro,2023-09-15,movie,1 h 47 m,7.6,6.3,"{'Drama', 'Sport', 'Biography'}",6.7
Nyad,2023-10-20,movie,2 h 1 m,6.3,6.9,"{'Drama', 'Sport', 'Biography'}",6.7
Finestkind,2023-12-15,movie,2 h 6 m,4.4,7.7,"{'Crime', 'Thriller', 'Drama'}",6.7
Persian Lessons,2023-06-09,movie,2 h 7 m,5.3,7.3,"{'Drama', 'War'}",6.7
The Caine Mutiny Court-Martial,2023-10-06,movie,1 h 48 m,7.1,6.6,"{'Drama', 'War'}",6.7
Eileen,2023-12-01,movie,1 h 37 m,7.2,6.3,"{'Drama', 'Mystery', 'Thriller'}",6.6
Plan C,2023-10-13,movie,1 h 39 m,7.4,6.3,{'Documentary'},6.6
"Love to Love You, Donna Summer",2023-05-20,movie,1 h 47 m,6.2,6.8,"{'Documentary', 'Music'}",6.6
White Building,2023-05-19,movie,1 h 30 m,6.9,6.5,{'Drama'},6.6
Lynch/Oz,2023-06-02,movie,1 h 48 m,6.2,6.8,{'Documentary'},6.6
Bobi Wine: The People's President,2023-07-28,movie,1 h 53 m,7.2,6.4,{'Documentary'},6.6
Sisu,2023-04-28,movie,1 h 31 m,7.0,6.5,"{'War', 'Action'}",6.6
Sanctuary,2023-05-19,movie,1 h 36 m,6.7,6.5,"{'Drama', 'Thriller'}",6.6
The Moon,2023-08-18,movie,2 h 9 m,8.0,6.0,"{'Drama', 'Sci-Fi', 'Adventure', 'Action'}",6.6
Extraction 2,2023-06-16,movie,2 h 2 m,5.7,7.0,"{'Crime', 'Thriller', 'Action'}",6.6
It Ain't Over,2023-05-12,movie,1 h 39 m,7.9,6.0,"{'History', 'Documentary', 'Sport', 'Biography'}",6.6
The Equalizer 3,2023-09-01,movie,1 h 49 m,5.8,6.9,"{'Crime', 'Thriller', 'Action'}",6.6
That Time I Got Reincarnated as a Slime the Movie: Scarlet Bond,2023-01-20,movie,1 h 54 m,4.1,7.7,"{'Animation', 'Adventure', 'Fantasy', 'Action'}",6.6
Tiger 3,2023-11-11,movie,2 h 35 m,6.3,6.8,"{'Thriller', 'Adventure', 'Action'}",6.6
Earth Mama,2023-07-07,movie,1 h 41 m,8.4,5.8,{'Drama'},6.6
Full River Red,2023-03-17,movie,2 h 39 m,7.5,6.2,"{'Drama', 'History', 'Comedy', 'Mystery'}",6.6
Bruiser,2023-02-24,movie,1 h 37 m,8.1,6.0,{'Drama'},6.6
Have You Got It Yet? The Story of Syd Barrett and Pink Floyd,2023-07-14,movie,1 h 34 m,8.3,5.8,"{'Documentary', 'Music', 'Biography'}",6.6
Tori and Lokita,2023-03-24,movie,1 h 28 m,7.8,5.9,{'Drama'},6.5
Five Nights at Freddy's,2023-10-27,movie,1 h 49 m,3.3,7.9,"{'Mystery', 'Thriller', 'Horror'}",6.5
The Lost King,2023-03-24,movie,1 h 48 m,6.4,6.6,{'Drama'},6.5
Sound of Freedom,2023-07-04,movie,2 h 11 m,3.6,7.7,"{'Biography', 'Drama', 'History', 'Crime', 'Thriller'}",6.5
The Wandering Earth II,2023-01-20,movie,2 h 53 m,5.6,6.9,"{'Drama', 'Sci-Fi', 'Adventure', 'Action'}",6.5
Palm Trees and Power Lines,2023-03-03,movie,1 h 50 m,7.3,6.1,{'Drama'},6.5
Dunki,2023-12-21,movie,2 h 40 m,5.8,6.8,"{'Drama', 'Comedy', 'Adventure'}",6.5
Lonely Castle in the Mirror,2023-06-21,movie,1 h 56 m,6.0,6.7,"{'Fantasy', 'Mystery', 'Drama', 'Animation', 'Adventure'}",6.5
How to Blow Up a Pipeline,2023-04-07,movie,1 h 44 m,7.6,6.1,"{'Crime', 'Thriller', 'Drama', 'Action'}",6.5
Of an Age,2023-02-17,movie,1 h 40 m,6.9,6.4,"{'Drama', 'Romance'}",6.5
Wildflower,2023-03-17,movie,1 h 45 m,5.2,7.1,"{'Drama', 'Comedy'}",6.5
Concrete Utopia,2023-12-08,movie,2 h 10 m,7.3,6.2,"{'Drama', 'Action', 'Thriller', 'Adventure', 'Sci-Fi'}",6.5
Gran Turismo,2023-08-25,movie,2 h 14 m,4.8,7.1,"{'Drama', 'Sport', 'Adventure', 'Action'}",6.4
Dumb Money,2023-09-15,movie,1 h 45 m,6.6,6.3,"{'Drama', 'Comedy', 'Biography'}",6.4
They Shot the Piano Player,2023-11-24,movie,1 h 44 m,7.4,6.0,"{'Drama', 'History', 'Animation'}",6.4
Maestro,2023-11-22,movie,2 h 9 m,7.7,5.8,"{'Biography', 'Drama', 'History', 'Romance', 'Music'}",6.4
Thanksgiving,2023-11-17,movie,1 h 46 m,6.3,6.4,"{'Mystery', 'Thriller', 'Horror'}",6.4
El Conde,2023-09-08,movie,1 h 50 m,7.2,6.1,"{'History', 'Fantasy', 'Horror', 'Comedy'}",6.4
Nowhere,2023-09-29,movie,1 h 49 m,6.3,6.4,"{'Drama', 'Thriller'}",6.4
Radical,2023-11-03,movie,2 h 5 m,7.0,6.2,{'Drama'},6.4
Smoke Sauna Sisterhood,2023-11-24,movie,1 h 29 m,8.2,5.7,{'Documentary'},6.4
Our Body,2023-08-04,movie,2 h 48 m,9.3,5.2,{'Documentary'},6.4
Enys Men,2023-03-31,movie,1 h 36 m,7.8,5.8,"{'Mystery', 'Fantasy', 'Horror'}",6.4
Shotgun Wedding,2023-01-27,movie,1 h 41 m,4.6,7.1,"{'Romance', 'Comedy', 'Action'}",6.4
Shortcomings,2023-08-04,movie,1 h 32 m,6.7,6.3,"{'Drama', 'Comedy', 'Romance'}",6.4
Beau Is Afraid,2023-04-14,movie,2 h 59 m,6.3,6.5,"{'Drama', 'Horror', 'Comedy'}",6.4
No Hard Feelings,2023-06-23,movie,1 h 43 m,5.9,6.6,"{'Comedy', 'Romance'}",6.4
Monica,2023-05-12,movie,1 h 46 m,7.5,6.0,{'Drama'},6.4
Scream VI,2023-03-10,movie,2 h 2 m,6.1,6.5,"{'Mystery', 'Thriller', 'Horror'}",6.4
The Passengers of the Night,2023-06-30,movie,1 h 51 m,6.9,6.2,{'Drama'},6.4
Influencer,2023-05-26,movie,1 h 32 m,6.6,6.2,"{'Mystery', 'Thriller', 'Horror'}",6.3
Mighty Morphin Power Rangers: Once & Always,2023-04-19,movie,55 m,6.2,6.4,"{'Sci-Fi', 'Family', 'Adventure', 'Action'}",6.3
Trolls Band Together,2023-11-17,movie,1 h 31 m,5.3,6.7,"{'Fantasy', 'Musical', 'Animation', 'Comedy', 'Adventure', 'Family'}",6.3
Kill Boksoon,2023-03-31,movie,2 h 17 m,6.7,6.1,"{'Thriller', 'Action'}",6.3
Blood & Gold,2023-05-26,movie,1 h 38 m,8.0,5.6,"{'Drama', 'War', 'Action'}",6.3
Fair Play,2023-09-29,movie,1 h 53 m,7.3,5.9,"{'Drama', 'Mystery', 'Thriller'}",6.3
Sly,2023-11-03,movie,1 h 35 m,6.2,6.3,"{'Documentary', 'Biography'}",6.3
What's Love Got to Do with It?,2023-05-05,movie,1 h 48 m,5.9,6.3,"{'Drama', 'Comedy', 'Romance'}",6.2
Rustin,2023-11-03,movie,1 h 46 m,6.8,6.0,"{'Drama', 'History', 'Biography'}",6.2
Suitable Flesh,2023-10-27,movie,1 h 40 m,6.4,6.1,"{'Thriller', 'Horror'}",6.2
Chile '76,2023-05-05,movie,1 h 35 m,7.8,5.5,{'Drama'},6.2
No One Will Save You,2023-09-22,movie,1 h 33 m,6.0,6.3,"{'Thriller', 'Horror', 'Sci-Fi'}",6.2
PAW Patrol: The Mighty Movie,2023-09-29,movie,1 h 28 m,4.9,6.7,"{'Fantasy', 'Sci-Fi', 'Animation', 'Comedy', 'Action', 'Crime', 'Adventure', 'Family'}",6.2
Aporia,2023-08-11,movie,1 h 44 m,6.0,6.3,"{'Drama', 'Sci-Fi'}",6.2
Saltburn,2023-11-17,movie,2 h 11 m,6.1,6.3,"{'Drama', 'Thriller'}",6.2
She Came to Me,2023-10-06,movie,1 h 42 m,5.3,6.6,"{'Drama', 'Comedy', 'Romance'}",6.2
"Pamela, a love story",2023-01-31,movie,1 h 52 m,6.6,6.1,"{'Documentary', 'Biography'}",6.2
Dalíland,2023-06-09,movie,1 h 37 m,5.9,6.4,"{'Drama', 'Biography'}",6.2
Divinity,2023-10-13,movie,1 h 28 m,6.1,6.3,"{'Thriller', 'Sci-Fi'}",6.2
The Royal Hotel,2023-10-06,movie,1 h 31 m,7.7,5.5,{'Thriller'},6.2
Infinity Pool,2023-01-27,movie,1 h 57 m,7.2,5.7,"{'Mystery', 'Crime', 'Thriller', 'Horror', 'Sci-Fi'}",6.2
Resident Evil: Death Island,2023-07-25,movie,1 h 31 m,6.0,6.3,"{'Animation', 'Horror', 'Action'}",6.2
The Boys in the Boat,2023-12-25,movie,2 h 3 m,5.4,6.6,"{'Drama', 'Sport', 'Biography'}",6.2
Big George Foreman: The Miraculous Story of the Once and Future Heavyweight Champion of the World,2023-04-28,movie,2 h 9 m,4.5,7.0,"{'Drama', 'Sport', 'Biography'}",6.2
The Innocent,2023-03-17,movie,1 h 39 m,6.8,6.0,"{'Crime', 'Comedy', 'Romance'}",6.2
Somewhere in Queens,2023-04-21,movie,1 h 46 m,6.1,6.3,"{'Drama', 'Sport', 'Comedy'}",6.2
Malum,2023-03-31,movie,1 h 32 m,7.5,5.7,"{'Drama', 'Thriller', 'Horror'}",6.2
In My Mother's Skin,2023-10-12,movie,1 h 37 m,7.3,5.6,"{'Fantasy', 'War', 'Action', 'Thriller', 'Horror'}",6.1
Jules,2023-08-11,movie,1 h 27 m,5.7,6.3,"{'Drama', 'Comedy', 'Sci-Fi'}",6.1
You Can Live Forever,2023-05-05,movie,1 h 36 m,6.8,5.8,"{'Drama', 'Romance'}",6.1
Desperation Road,2023-10-06,movie,1 h 52 m,6.0,6.2,"{'Crime', 'Thriller', 'Drama', 'Action'}",6.1
Nefarious,2023-04-14,movie,1 h 37 m,4.0,7.0,"{'Thriller', 'Horror'}",6.1
Master Gardener,2023-05-19,movie,1 h 51 m,6.3,6.0,"{'Drama', 'Mystery', 'Thriller'}",6.1
Flamin' Hot,2023-06-09,movie,1 h 39 m,5.8,6.3,"{'Drama', 'History', 'Biography'}",6.1
Merry Little Batman,2023-12-08,movie,1 h 36 m,7.4,5.6,"{'Animation', 'Comedy', 'Family'}",6.1
Sharper,2023-02-10,movie,1 h 56 m,6.5,5.9,"{'Crime', 'Thriller', 'Drama'}",6.1
Furies,2023-03-23,movie,1 h 49 m,6.4,6.0,"{'Crime', 'Thriller', 'Action'}",6.1
The Magician's Elephant,2023-03-10,movie,1 h 39 m,5.3,6.4,"{'Fantasy', 'Drama', 'Animation', 'Comedy', 'Adventure', 'Family'}",6.1
Wonka,2023-12-15,movie,1 h 56 m,6.6,5.9,"{'Fantasy', 'Musical', 'Comedy', 'Adventure', 'Family'}",6.1
The Amazing Maurice,2023-02-03,movie,1 h 33 m,5.3,6.4,"{'Fantasy', 'Animation', 'Comedy', 'Adventure', 'Family'}",6.1
The Shift,2023-12-01,movie,1 h 55 m,4.0,7.0,"{'Romance', 'Thriller', 'Sci-Fi', 'Action'}",6.1
Teenage Mutant Ninja Turtles: Mutant Mayhem,2023-08-02,movie,1 h 39 m,7.4,5.6,"{'Fantasy', 'Sci-Fi', 'Animation', 'Comedy', 'Action', 'Crime', 'Adventure', 'Family'}",6.1
Renfield,2023-04-14,movie,1 h 33 m,5.3,6.4,"{'Fantasy', 'Horror', 'Comedy', 'Action'}",6.1
Pathaan,2023-01-25,movie,2 h 26 m,4.7,6.7,"{'Thriller', 'Adventure', 'Action'}",6.1
Joy Ride,2023-07-07,movie,1 h 35 m,7.4,5.6,{'Comedy'},6.1
Everything Went Fine,2023-04-14,movie,1 h 53 m,6.8,5.7,{'Drama'},6.0
The Mother,2023-05-12,movie,1 h 55 m,4.5,6.7,"{'Thriller', 'Action'}",6.0
Simulant,2023-06-02,movie,1 h 35 m,4.0,6.8,"{'Crime', 'Thriller', 'Sci-Fi'}",6.0
American Symphony,2023-11-24,movie,1 h 44 m,7.6,5.3,"{'Documentary', 'Music', 'Biography'}",6.0
Fast Charlie,2023-12-08,movie,1 h 30 m,6.5,5.8,"{'Mystery', 'Drama', 'Action', 'Crime', 'Thriller'}",6.0
Reptile,2023-09-22,movie,2 h 14 m,5.2,6.3,"{'Crime', 'Mystery', 'Thriller', 'Drama'}",6.0
Operation Fortune: Ruse de Guerre,2023-03-03,movie,1 h 54 m,5.1,6.4,"{'Thriller', 'Comedy', 'Action'}",6.0
Good Grief,2023-12-29,movie,1 h 40 m,5.9,6.1,"{'Drama', 'Comedy', 'Romance'}",6.0
The Dive,2023-08-25,movie,1 h 31 m,5.7,6.1,"{'Drama', 'Thriller', 'Adventure'}",6.0
Old Dads,2023-10-20,movie,1 h 44 m,4.2,6.6,{'Comedy'},5.9
V/H/S/85,2023-10-06,movie,1 h 50 m,5.3,6.1,"{'Thriller', 'Horror'}",5.9
The Passenger,2023-08-04,movie,1 h 34 m,6.2,5.8,"{'Drama', 'Thriller'}",5.9
Barbie,2023-07-21,movie,1 h 54 m,8.0,5.0,"{'Fantasy', 'Comedy', 'Adventure'}",5.9
Fingernails,2023-10-27,movie,1 h 53 m,6.3,5.7,"{'Drama', 'Sci-Fi', 'Romance'}",5.9
Mob Land,2023-08-04,movie,1 h 52 m,4.7,6.4,"{'Crime', 'Thriller', 'Action'}",5.9
Blue Beetle,2023-08-18,movie,2 h 7 m,6.1,5.8,"{'Thriller', 'Sci-Fi', 'Adventure', 'Action'}",5.9
Boston Strangler,2023-03-17,movie,1 h 52 m,5.8,5.8,"{'Crime', 'History', 'Thriller', 'Drama'}",5.8
Bama Rush,2023-05-23,movie,1 h 40 m,7.0,5.3,{'Documentary'},5.8
The Ritual Killer,2023-03-10,movie,1 h 32 m,8.0,4.8,"{'Crime', 'Mystery', 'Thriller'}",5.8
Elemental,2023-06-16,movie,1 h 41 m,5.8,5.8,"{'Fantasy', 'Animation', 'Comedy', 'Romance', 'Adventure', 'Family'}",5.8
Night of the Hunted,2023-10-20,movie,1 h 35 m,8.0,4.9,"{'Mystery', 'Drama', 'Crime', 'Thriller', 'Horror'}",5.8
L'Immensità,2023-05-12,movie,1 h 39 m,7.0,5.3,{'Drama'},5.8
The Last Kingdom: Seven Kings Must Die,2023-04-14,movie,1 h 51 m,4.8,6.2,"{'Drama', 'History', 'Action'}",5.8
Cypher,2023-11-24,movie,1 h 21 m,6.9,5.3,"{'Thriller', 'Documentary', 'Music'}",5.8
The Conference,2023-10-13,movie,1 h 40 m,7.5,5.1,"{'Mystery', 'Thriller', 'Horror', 'Comedy'}",5.8
Brooklyn 45,2023-06-09,movie,1 h 32 m,7.1,5.2,"{'Drama', 'History', 'Horror'}",5.8
A Disturbance in the Force,2023-11-17,movie,1 h 25 m,7.3,5.0,"{'History', 'Documentary'}",5.7
Love at First Sight,2023-09-15,movie,1 h 31 m,5.5,5.8,"{'Drama', 'Romance'}",5.7
Digimon Adventure 02: The Beginning,2023-11-08,movie,1 h 27 m,8.0,4.7,"{'Fantasy', 'Sci-Fi', 'Animation', 'Action', 'Thriller', 'Adventure', 'Family'}",5.7
Mr. Monk's Last Case: A Monk Movie,2023-12-08,movie,1 h 37 m,6.5,5.4,"{'Crime', 'Mystery', 'Comedy'}",5.7
Baby Ruby,2023-02-03,movie,1 h 33 m,5.7,5.7,"{'Drama', 'Thriller', 'Horror'}",5.7
Supercell,2023-03-17,movie,1 h 40 m,6.3,5.5,"{'Drama', 'Adventure', 'Action'}",5.7
65,2023-03-10,movie,1 h 33 m,4.0,6.4,"{'Drama', 'Action', 'Thriller', 'Adventure', 'Sci-Fi'}",5.7
Sword Art Online the Movie -Progressive- Scherzo of Deep Night,2023-02-03,movie,1 h 41 m,5.0,6.0,"{'Fantasy', 'Animation', 'Action', 'Adventure', 'Sci-Fi'}",5.7
Teen Wolf: The Movie,2023-01-26,movie,2 h 21 m,5.1,6.0,"{'Fantasy', 'Drama', 'Action', 'Romance', 'Thriller', 'Horror'}",5.7
Knock at the Cabin,2023-02-03,movie,1 h 40 m,6.3,5.4,"{'Mystery', 'Thriller', 'Horror'}",5.7
Unwelcome,2023-03-10,movie,1 h 44 m,6.4,5.4,"{'Horror', 'Comedy'}",5.7
Stan Lee,2023-06-16,movie,1 h 26 m,5.8,5.6,"{'Documentary', 'Biography'}",5.7
The Last Voyage of the Demeter,2023-08-11,movie,1 h 58 m,5.2,5.9,"{'Fantasy', 'Horror'}",5.7
The Boogeyman,2023-06-02,movie,1 h 38 m,5.5,5.8,"{'Mystery', 'Thriller', 'Horror'}",5.7
The Retirement Plan,2023-08-25,movie,1 h 43 m,7.5,4.8,"{'Crime', 'Thriller', 'Comedy', 'Action'}",5.6
Smoking Causes Coughing,2023-03-31,movie,1 h 17 m,7.4,4.9,"{'Horror', 'Comedy', 'Sci-Fi'}",5.6
Blueback,2023-03-02,movie,1 h 42 m,5.9,5.5,"{'Drama', 'Family'}",5.6
Down Low,2023-10-10,movie,1 h 30 m,4.8,6.0,{'Comedy'},5.6
There's Something Wrong with the Children,2023-01-17,movie,1 h 32 m,5.3,5.8,"{'Mystery', 'Horror'}",5.6
Ride On,2023-04-07,movie,2 h 6 m,5.0,5.9,"{'Drama', 'Comedy', 'Action'}",5.6
Biosphere,2023-07-07,movie,1 h 46 m,5.9,5.5,"{'Fantasy', 'Mystery', 'Drama', 'Comedy', 'Romance', 'Sci-Fi'}",5.6
Revoir Paris,2023-06-23,movie,1 h 45 m,7.1,5.0,{'Drama'},5.6
Please Don’t Destroy: The Treasure of Foggy Mountain,2023-11-17,movie,1 h 32 m,4.9,5.9,{'Comedy'},5.6
Quiz Lady,2023-11-03,movie,1 h 39 m,5.9,5.5,{'Comedy'},5.6
Champions,2023-03-10,movie,2 h 4 m,5.0,5.7,"{'Drama', 'Sport', 'Comedy'}",5.5
The Hunger Games: The Ballad of Songbirds and Snakes,2023-11-17,movie,2 h 37 m,5.4,5.5,"{'War', 'Drama', 'Action', 'Thriller', 'Adventure', 'Sci-Fi'}",5.5
Perpetrator,2023-08-25,movie,1 h 41 m,6.6,5.0,{'Horror'},5.5
The Goldfinger,2023-12-30,movie,2 h 6 m,4.7,5.9,"{'Crime', 'Drama', 'Action'}",5.5
After Death,2023-10-27,movie,1 h 48 m,2.8,6.6,{'Documentary'},5.5
The Perfect Find,2023-06-23,movie,1 h 39 m,5.7,5.4,"{'Drama', 'Comedy', 'Romance'}",5.5
Animal,2023-12-01,movie,3 h 24 m,3.3,6.5,"{'Crime', 'Thriller', 'Drama', 'Action'}",5.5
Slava Ukraini,2023-05-03,movie,1 h 34 m,7.0,4.8,{'Documentary'},5.5
Cobweb,2023-07-21,movie,1 h 28 m,5.0,5.7,"{'Mystery', 'Thriller', 'Horror'}",5.5
Corner Office,2023-08-04,movie,1 h 41 m,4.7,5.8,"{'Mystery', 'Comedy'}",5.5
The Flash,2023-06-16,movie,2 h 24 m,5.5,5.5,"{'Fantasy', 'Sci-Fi', 'Adventure', 'Action'}",5.5
The Kill Room,2023-09-29,movie,1 h 38 m,5.8,5.3,"{'Thriller', 'Comedy'}",5.4
Muzzle,2023-09-29,movie,1 h 40 m,4.0,6.0,"{'Crime', 'Thriller', 'Action'}",5.4
The Blackening,2023-06-16,movie,1 h 37 m,6.7,4.9,"{'Thriller', 'Horror', 'Comedy'}",5.4
The Marsh King's Daughter,2023-11-03,movie,1 h 49 m,4.7,5.7,"{'Crime', 'Mystery', 'Thriller', 'Drama'}",5.4
Freud's Last Session,2023-12-22,movie,1 h 48 m,4.9,5.6,{'Drama'},5.4
Anyone But You,2023-12-22,movie,1 h 43 m,5.2,5.5,"{'Comedy', 'Romance'}",5.4
Money Shot: The Pornhub Story,2023-03-15,movie,1 h 34 m,6.3,5.0,{'Documentary'},5.4
To Catch a Killer,2023-04-21,movie,1 h 59 m,4.3,5.9,"{'Mystery', 'Drama', 'Action', 'Crime', 'Thriller'}",5.4
Golda,2023-08-25,movie,1 h 40 m,4.8,5.7,"{'Drama', 'History', 'War', 'Biography'}",5.4
Chevalier,2023-04-21,movie,1 h 48 m,6.7,4.9,"{'Drama', 'History', 'Music', 'Biography'}",5.4
Hypnotic,2023-05-12,movie,1 h 33 m,5.3,5.4,"{'Mystery', 'Drama', 'Action', 'Thriller', 'Sci-Fi'}",5.4
Pain Hustlers,2023-10-20,movie,2 h 3 m,4.4,5.8,"{'Crime', 'Drama'}",5.4
Jesus Revolution,2023-02-24,movie,2 h,4.6,5.7,"{'Drama', 'History', 'Biography'}",5.4
Landscape with Invisible Hand,2023-08-18,movie,1 h 45 m,5.3,5.4,"{'Drama', 'Comedy', 'Sci-Fi'}",5.4
"Ruby Gillman, Teenage Kraken",2023-06-30,movie,1 h 31 m,5.0,5.5,"{'Romance', 'Animation', 'Comedy', 'Action'}",5.4
Napoleon,2023-11-22,movie,2 h 38 m,6.4,4.9,"{'War', 'Biography', 'Drama', 'Action', 'Adventure'}",5.4
The Artifice Girl,2023-04-27,movie,1 h 33 m,6.0,5.1,"{'Mystery', 'Thriller', 'Sci-Fi'}",5.4
Ant-Man and the Wasp: Quantumania,2023-02-17,movie,2 h 4 m,4.8,5.5,"{'Sci-Fi', 'Comedy', 'Adventure', 'Action'}",5.3
The Pope's Exorcist,2023-04-14,movie,1 h 43 m,4.5,5.7,"{'Thriller', 'Horror'}",5.3
Cat Person,2023-10-06,movie,1 h 58 m,4.8,5.5,"{'Drama', 'Thriller', 'Horror'}",5.3
Leave the World Behind,2023-11-22,movie,2 h 18 m,6.8,4.7,"{'Drama', 'Mystery', 'Thriller'}",5.3
Swallowed,2023-02-14,movie,1 h 36 m,5.3,5.3,"{'Thriller', 'Horror'}",5.3
Wingwomen,2023-11-01,movie,1 h 56 m,5.4,5.3,"{'Crime', 'Thriller', 'Comedy', 'Action'}",5.3
The Monkey King,2023-08-18,movie,1 h 37 m,5.9,5.1,"{'Fantasy', 'Animation', 'Comedy', 'Action', 'Adventure', 'Family'}",5.3
JUNG_E,2023-01-20,movie,1 h 38 m,5.2,5.4,"{'Drama', 'Sci-Fi', 'Adventure', 'Action'}",5.3
Sakra,2023-04-14,movie,2 h 10 m,7.5,4.3,"{'Adventure', 'Action'}",5.3
Magic Mike's Last Dance,2023-02-10,movie,1 h 52 m,5.2,5.4,"{'Drama', 'Comedy'}",5.3
Strays,2023-08-18,movie,1 h 33 m,5.4,5.3,"{'Comedy', 'Adventure'}",5.3
Nandor Fodor and the Talking Mongoose,2023-09-01,movie,1 h 36 m,5.4,5.2,"{'Mystery', 'Comedy'}",5.3
Cocaine Bear,2023-02-24,movie,1 h 35 m,5.4,5.3,"{'Thriller', 'Comedy'}",5.3
You Are So Not Invited to My Bat Mitzvah!,2023-08-25,movie,1 h 43 m,7.1,4.4,{'Comedy'},5.2
The Pod Generation,2023-08-11,movie,1 h 50 m,6.0,4.9,"{'Sci-Fi', 'Comedy', 'Romance'}",5.2
Maggie Moore(s),2023-06-16,movie,1 h 39 m,4.3,5.6,"{'Crime', 'Mystery', 'Thriller', 'Comedy'}",5.2
Blood,2023-01-27,movie,1 h 48 m,5.5,5.0,"{'Drama', 'Thriller', 'Horror'}",5.2
Quicksand,2023-06-23,movie,1 h 26 m,4.3,5.6,"{'Drama', 'Thriller', 'Horror'}",5.2
Dark Harvest,2023-10-13,movie,1 h 36 m,5.1,5.2,"{'Fantasy', 'Horror'}",5.2
At Midnight,2023-02-10,movie,1 h 40 m,5.1,5.3,"{'Comedy', 'Romance'}",5.2
Inside,2023-03-17,movie,1 h 45 m,5.3,5.1,"{'Drama', 'Thriller'}",5.2
When You Finish Saving the World,2023-01-20,movie,1 h 28 m,6.1,4.8,"{'Drama', 'Comedy'}",5.2
The Nun II,2023-09-08,movie,1 h 50 m,4.7,5.4,"{'Mystery', 'Thriller', 'Horror'}",5.2
God Is a Bullet,2023-06-23,movie,2 h 36 m,3.1,6.1,"{'Crime', 'Thriller', 'Horror', 'Action'}",5.2
Next Goal Wins,2023-11-17,movie,1 h 44 m,4.4,5.6,"{'Drama', 'Sport', 'Comedy'}",5.2
Crater,2023-05-12,movie,1 h 45 m,6.5,4.7,"{'Drama', 'Adventure', 'Sci-Fi'}",5.2
Leave,2023-03-17,movie,1 h 46 m,5.0,5.2,"{'Drama', 'Mystery', 'Thriller', 'Horror'}",5.1
Shazam! Fury of the Gods,2023-03-17,movie,2 h 10 m,4.7,5.3,"{'Fantasy', 'Comedy', 'Adventure', 'Action'}",5.1
Mummies,2023-02-24,movie,1 h 28 m,4.0,5.6,"{'Fantasy', 'Musical', 'Drama', 'Animation', 'Comedy', 'Romance', 'Crime', 'Adventure', 'Family'}",5.1
Anna Nicole Smith: You Don't Know Me,2023-05-16,movie,1 h 56 m,5.3,5.0,"{'Documentary', 'Biography'}",5.1
Prisoner's Daughter,2023-06-30,movie,1 h 40 m,4.8,5.3,{'Drama'},5.1
Clock,2023-04-28,movie,1 h 31 m,5.9,4.7,"{'Drama', 'Thriller', 'Horror'}",5.1
Foe,2023-10-06,movie,1 h 50 m,4.4,5.4,"{'Drama', 'Thriller', 'Sci-Fi', 'Romance'}",5.1
Dear David,2023-10-13,movie,1 h 34 m,2.5,6.2,"{'Thriller', 'Horror'}",5.1
Every Body,2023-06-30,movie,1 h 32 m,7.7,4.0,{'Documentary'},5.1
Somebody I Used to Know,2023-02-10,movie,1 h 46 m,5.7,4.7,"{'Comedy', 'Romance'}",5.0
Moving On,2023-03-17,movie,1 h 25 m,6.0,4.6,{'Comedy'},5.0
"Miraculous: Ladybug & Cat Noir, The Movie",2023-07-21,movie,1 h 45 m,4.0,5.5,"{'Fantasy', 'Romance', 'Musical', 'Animation', 'Comedy', 'Action', 'Adventure', 'Family'}",5.0
Chupa,2023-04-07,movie,1 h 35 m,4.8,5.1,"{'Fantasy', 'Drama', 'Action', 'Adventure', 'Family'}",5.0
Fast X,2023-05-19,movie,2 h 21 m,5.6,4.8,"{'Mystery', 'Action', 'Crime', 'Thriller', 'Adventure'}",5.0
Slotherhouse,2023-08-30,movie,1 h 33 m,7.5,4.0,"{'Thriller', 'Horror', 'Comedy'}",5.0
The Miracle Club,2023-07-14,movie,1 h 30 m,4.9,5.1,"{'Drama', 'Comedy'}",5.0
The Beanie Bubble,2023-07-21,movie,1 h 50 m,4.9,5.1,"{'Drama', 'Comedy'}",5.0
Transformers: Rise of the Beasts,2023-06-09,movie,2 h 7 m,4.2,5.4,"{'Sci-Fi', 'Adventure', 'Action'}",5.0
Raging Grace,2023-12-01,movie,1 h 39 m,6.5,4.4,"{'Drama', 'Mystery', 'Thriller', 'Horror'}",5.0
Unseen,2023-03-07,movie,1 h 16 m,7.0,4.0,"{'Thriller', 'Horror'}",4.9
Marlowe,2023-02-15,movie,1 h 49 m,4.1,5.3,"{'Crime', 'Mystery', 'Thriller'}",4.9
It's a Wonderful Knife,2023-11-10,movie,1 h 27 m,5.2,4.8,"{'Mystery', 'Thriller', 'Horror', 'Comedy'}",4.9
The Angry Black Girl and Her Monster,2023-06-09,movie,1 h 31 m,6.2,4.4,"{'Drama', 'Fantasy', 'Horror'}",4.9
Your Place or Mine,2023-02-10,movie,1 h 49 m,4.9,4.9,"{'Comedy', 'Romance'}",4.9
Luther: The Fallen Sun,2023-02-24,movie,2 h 9 m,5.3,4.8,"{'Crime', 'Mystery', 'Thriller', 'Drama'}",4.9
Dicks: The Musical,2023-10-06,movie,1 h 26 m,5.7,4.6,"{'Musical', 'Comedy'}",4.9
Stamped from the Beginning,2023-11-15,movie,1 h 31 m,7.5,3.8,{'Documentary'},4.9
Good Boy,2023-09-08,movie,1 h 16 m,6.0,4.4,"{'Thriller', 'Horror'}",4.9
Indiana Jones and the Dial of Destiny,2023-06-30,movie,2 h 34 m,5.8,4.5,"{'Sci-Fi', 'Adventure', 'Action'}",4.9
Aquaman And The Lost Kingdom,2023-12-22,movie,2 h 4 m,4.2,5.2,"{'Fantasy', 'Sci-Fi', 'Adventure', 'Action'}",4.9
Salaar: Part 1 – Ceasefire,2023-12-21,movie,2 h 55 m,7.5,3.8,"{'Crime', 'Thriller', 'Drama', 'Action'}",4.9
The Family Plan,2023-12-15,movie,1 h 58 m,3.9,5.4,"{'Comedy', 'Action'}",4.9
The Locksmith,2023-02-03,movie,1 h 32 m,4.2,5.0,"{'Crime', 'Mystery', 'Thriller', 'Action'}",4.8
Silent Night,2023-12-01,movie,1 h 44 m,5.3,4.6,"{'Thriller', 'Action'}",4.8
Final Cut,2023-07-14,movie,1 h 52 m,5.1,4.6,"{'Horror', 'Comedy'}",4.8
Insidious: The Red Door,2023-07-07,movie,1 h 47 m,4.5,5.0,"{'Mystery', 'Thriller', 'Horror'}",4.8
Kandahar,2023-05-26,movie,1 h 59 m,5.2,4.6,"{'Drama', 'Thriller', 'Action'}",4.8
Carmen,2023-04-21,movie,1 h 56 m,5.9,4.3,"{'Drama', 'Musical'}",4.8
Consecration,2023-02-10,movie,1 h 31 m,4.0,5.2,"{'Thriller', 'Horror'}",4.8
Quasi,2023-04-20,movie,1 h 39 m,5.1,4.6,"{'Drama', 'Comedy'}",4.8
Sympathy for the Devil,2023-07-28,movie,1 h 30 m,5.4,4.6,"{'Thriller', 'Action'}",4.8
Murder Mystery 2,2023-03-31,movie,1 h 30 m,4.4,4.9,"{'Mystery', 'Action', 'Comedy', 'Romance', 'Crime'}",4.8
Run Rabbit Run,2023-06-28,movie,1 h 40 m,5.2,4.6,"{'Drama', 'Mystery', 'Thriller', 'Horror'}",4.8
Maya,2023-05-05,movie,1 h 47 m,6.2,4.0,"{'Drama', 'Romance'}",4.7
Rebel Moon Part 1: A Child of Fire,2023-12-15,movie,2 h 13 m,3.1,5.4,"{'Fantasy', 'Drama', 'Action', 'Adventure', 'Sci-Fi'}",4.7
Heart of Stone,2023-08-11,movie,2 h 2 m,4.4,4.8,"{'Crime', 'Thriller', 'Action'}",4.7
A Tourist's Guide to Love,2023-04-21,movie,1 h 34 m,4.9,4.6,"{'Comedy', 'Adventure', 'Romance'}",4.7
Lady Ballers,2023-12-01,movie,1 h 52 m,2.5,5.7,"{'Sport', 'Comedy'}",4.7
Haunted Mansion,2023-07-28,movie,2 h 3 m,4.7,4.6,"{'Fantasy', 'Mystery', 'Drama', 'Comedy', 'Horror', 'Family'}",4.6
Meg 2: The Trench,2023-08-04,movie,1 h 56 m,4.0,4.8,"{'Action', 'Thriller', 'Horror', 'Adventure', 'Sci-Fi'}",4.6
What Happens Later,2023-11-03,movie,1 h 43 m,5.9,4.1,"{'Comedy', 'Romance'}",4.6
Spinning Gold,2023-03-31,movie,2 h 17 m,4.2,4.8,"{'Drama', 'Musical', 'Music', 'Biography'}",4.6
Love Again,2023-05-05,movie,1 h 44 m,3.2,5.2,"{'Drama', 'Comedy', 'Romance'}",4.6
Elevator Game,2023-09-15,movie,1 h 34 m,4.7,4.6,"{'Thriller', 'Horror'}",4.6
In the Fire,2023-10-13,movie,1 h 27 m,5.0,4.4,{'Thriller'},4.6
The Persian Version,2023-10-20,movie,1 h 47 m,6.1,4.0,"{'Drama', 'Comedy', 'Romance'}",4.6
Spy Kids: Armageddon,2023-09-22,movie,1 h 37 m,5.5,4.2,"{'Sci-Fi', 'Family', 'Comedy', 'Action'}",4.6
Winnie-the-Pooh: Blood and Honey,2023-02-16,movie,1 h 24 m,1.6,5.8,{'Horror'},4.5
Genie,2023-11-22,movie,1 h 33 m,3.5,4.9,"{'Fantasy', 'Comedy'}",4.5
The Wrath of Becky,2023-05-26,movie,1 h 24 m,5.1,4.2,"{'Thriller', 'Horror', 'Action'}",4.5
Candy Cane Lane,2023-12-01,movie,1 h 57 m,4.7,4.4,"{'Fantasy', 'Comedy', 'Family'}",4.5
We Have a Ghost,2023-02-24,movie,2 h 6 m,5.3,4.2,"{'Fantasy', 'Mystery', 'Comedy', 'Horror', 'Adventure', 'Family'}",4.5
Hidden Strike,2023-07-28,movie,1 h 42 m,4.0,4.7,"{'Thriller', 'Comedy', 'Adventure', 'Action'}",4.5
Good Burger 2,2023-11-22,movie,1 h 30 m,4.8,4.3,"{'Comedy', 'Family'}",4.4
Family Switch,2023-11-30,movie,1 h 46 m,3.7,4.7,"{'Comedy', 'Family'}",4.4
The Machine,2023-05-26,movie,1 h 52 m,3.7,4.6,"{'Comedy', 'Action'}",4.3
"Orlando, My Political Biography",2023-11-10,movie,1 h 38 m,8.6,2.5,{'Documentary'},4.3
Killer Book Club,2023-08-25,movie,1 h 29 m,4.2,4.3,"{'Thriller', 'Horror'}",4.3
Mafia Mamma,2023-04-14,movie,1 h 41 m,4.2,4.3,"{'Crime', 'Comedy', 'Action'}",4.3
The Outwaters,2023-02-10,movie,1 h 50 m,7.2,3.1,"{'Thriller', 'Horror', 'Sci-Fi'}",4.3
Freelance,2023-10-27,movie,1 h 48 m,2.2,5.0,"{'Comedy', 'Action'}",4.2
Retribution,2023-08-25,movie,1 h 31 m,4.3,4.2,"{'Thriller', 'Action'}",4.2
80 for Brady,2023-02-03,movie,1 h 38 m,5.2,3.7,"{'Drama', 'Sport', 'Comedy'}",4.2
The Marvels,2023-11-10,movie,1 h 45 m,5.0,3.8,"{'Fantasy', 'Adventure', 'Action'}",4.2
Superpower,2023-09-18,movie,1 h 55 m,4.7,4.0,{'Documentary'},4.2
Ghosted,2023-04-21,movie,1 h 56 m,3.4,4.5,"{'Romance', 'Comedy', 'Adventure', 'Action'}",4.2
Bird Box Barcelona,2023-07-14,movie,1 h 52 m,4.7,3.9,"{'Mystery', 'Thriller', 'Horror', 'Sci-Fi'}",4.1
It Lives Inside,2023-09-22,movie,1 h 39 m,5.0,3.7,"{'Drama', 'Thriller', 'Horror'}",4.1
Wish,2023-11-22,movie,1 h 35 m,4.7,3.9,"{'Fantasy', 'Musical', 'Animation', 'Comedy', 'Adventure', 'Family'}",4.1
Demon Slayer: Kimetsu no Yaiba -To the Swordsmith Village-,2023-03-03,movie,1 h 50 m,4.0,4.0,"{'Fantasy', 'Animation', 'Action', 'Thriller', 'Adventure'}",4.0
About My Father,2023-05-26,movie,1 h 30 m,3.9,4.0,{'Comedy'},4.0
Paint,2023-04-07,movie,1 h 36 m,4.5,3.8,"{'Drama', 'Comedy'}",4.0
Our Son,2023-12-08,movie,1 h 44 m,5.8,3.3,"{'Crime', 'Drama'}",4.0
You People,2023-01-20,movie,1 h 57 m,5.0,3.5,"{'Comedy', 'Romance'}",4.0
Happiness for Beginners,2023-07-21,movie,1 h 43 m,4.8,3.7,"{'Drama', 'Comedy', 'Romance'}",4.0
The Strays,2023-02-22,movie,1 h 40 m,5.8,3.3,"{'Drama', 'Mystery', 'Thriller'}",4.0
The Out-Laws,2023-07-07,movie,1 h 35 m,3.6,4.0,"{'Crime', 'Romance', 'Comedy', 'Action'}",3.9
Last Sentinel,2023-03-24,movie,1 h 57 m,4.0,3.9,"{'Drama', 'Thriller', 'Horror', 'Sci-Fi'}",3.9
My Big Fat Greek Wedding 3,2023-09-08,movie,1 h 32 m,3.5,4.1,"{'Drama', 'Comedy', 'Romance'}",3.9
Lord of Misrule,2023-12-08,movie,1 h 44 m,4.6,3.4,{'Horror'},3.8
Vacation Friends 2,2023-08-25,movie,1 h 46 m,3.8,3.8,"{'Crime', 'Comedy', 'Adventure', 'Action'}",3.8
Dog Gone,2023-01-13,movie,1 h 35 m,4.2,3.6,"{'Drama', 'Biography', 'Family'}",3.8
Book Club: The Next Chapter,2023-05-12,movie,1 h 47 m,4.6,3.3,"{'Comedy', 'Romance'}",3.7
Expend4bles,2023-09-22,movie,1 h 43 m,3.0,4.0,"{'Thriller', 'War', 'Adventure', 'Action'}",3.7
Sheroes,2023-06-23,movie,1 h 31 m,5.0,3.2,"{'Crime', 'Comedy', 'Adventure', 'Action'}",3.7
Black Ice,2023-07-14,movie,1 h 36 m,8.2,1.8,"{'Documentary', 'Sport'}",3.7
In from the Side,2023-01-20,movie,2 h 14 m,4.2,3.3,"{'Drama', 'Sport', 'Romance'}",3.6
Manodrome,2023-11-10,movie,1 h 35 m,4.8,3.1,"{'Drama', 'Thriller'}",3.6
Will-o'-the-Wisp,2023-05-26,movie,1 h 7 m,7.2,2.0,"{'Fantasy', 'Musical', 'Comedy', 'Romance', 'Sci-Fi'}",3.6
The Sacrifice Game,2023-12-08,movie,1 h 39 m,5.5,2.6,{'Horror'},3.5
The Exorcist: Believer,2023-10-06,movie,1 h 51 m,3.9,3.3,{'Horror'},3.5
The Little Mermaid,2023-05-26,movie,2 h 15 m,5.9,2.5,"{'Fantasy', 'Musical', 'Romance', 'Adventure', 'Family'}",3.5
Pet Sematary: Bloodlines,2023-10-06,movie,1 h 27 m,3.1,3.6,"{'Fantasy', 'Horror'}",3.4
White Men Can't Jump,2023-05-19,movie,1 h 41 m,4.0,3.1,"{'Drama', 'Sport', 'Comedy'}",3.4
Maybe I Do,2023-01-27,movie,1 h 35 m,4.2,3.1,"{'Comedy', 'Romance'}",3.4
The Black Demon,2023-04-28,movie,1 h 40 m,4.0,3.0,"{'Drama', 'Thriller', 'Horror', 'Sci-Fi'}",3.3
Knights of the Zodiac,2023-05-12,movie,1 h 52 m,3.5,3.2,"{'Fantasy', 'Drama', 'Action', 'Adventure', 'Sci-Fi'}",3.3
On a Wing and a Prayer,2023-04-05,movie,1 h 42 m,1.9,3.9,{'Drama'},3.3
Fool's Paradise,2023-05-12,movie,1 h 38 m,2.7,3.4,{'Comedy'},3.2
The Archies,2023-12-07,movie,2 h 21 m,6.6,1.7,"{'Drama', 'Musical', 'Comedy', 'Romance'}",3.2
All Fun and Games,2023-09-01,movie,1 h 16 m,5.0,2.0,"{'Thriller', 'Horror'}",2.9
Peter Pan & Wendy,2023-04-28,movie,1 h 46 m,6.1,1.5,"{'Fantasy', 'Romance', 'Comedy', 'Action', 'Adventure', 'Family'}",2.9
One True Loves,2023-04-07,movie,1 h 40 m,3.5,2.3,"{'Drama', 'Comedy', 'Romance'}",2.7
Best. Christmas. Ever.,2023-11-16,movie,1 h 22 m,3.4,2.3,"{'Comedy', 'Romance'}",2.6
The Tutor,2023-03-24,movie,1 h 32 m,3.8,1.5,"{'Mystery', 'Thriller'}",2.2
Children of the Corn,2023-03-03,movie,1 h 33 m,2.2,1.2,{'Horror'},1.5
A Small Light,2023-05-01,tvshow,1 Season,8.3,9.5,"{'Drama', 'History', 'War', 'Biography'}",9.1
The Lying Life of Adults,2023-01-04,tvshow,1 Season,7.9,9.5,{'Drama'},9.0
Planet Earth III,2023-10-22,tvshow,2 Seasons,8.8,8.8,{'Documentary'},8.8
PLUTO,2023-10-26,tvshow,1 Season,8.6,8.6,"{'Mystery', 'Drama', 'Animation', 'Action', 'Thriller', 'Sci-Fi'}",8.6
Animal Control,2023-02-16,tvshow,3 Seasons,6.8,9.1,{'Comedy'},8.4
Wild Isles,2023-03-04,tvshow,1 Season,8.3,8.3,{'Documentary'},8.3
Blue Eye Samurai,2023-11-03,tvshow,2 Seasons,8.8,8.1,"{'Drama', 'History', 'Animation', 'Action', 'Thriller', 'Adventure'}",8.3
Dear Mama,2023-04-21,tvshow,1 Season,7.8,8.3,"{'Documentary', 'Music', 'Biography'}",8.2
Wrestlers,2023-09-13,tvshow,2 Seasons,8.3,8.2,"{'Documentary', 'Sport'}",8.2
Adventure Time: Fionna and Cake,2023-08-31,tvshow,2 Seasons,7.8,8.4,"{'Fantasy', 'Animation', 'Comedy', 'Action', 'Adventure', 'Sci-Fi'}",8.2
Pokémon Concierge,2023-12-28,tvshow,1 Season,7.8,8.2,"{'Fantasy', 'Unknown', 'Animation', 'Comedy', 'Adventure', 'Family'}",8.1
"Murder In Boston: Roots, Rampage & Reckoning",2023-12-04,tvshow,1 Season,8.0,8.2,"{'Crime', 'History', 'Documentary'}",8.1
Carol & The End of The World,2023-12-15,tvshow,1 Season,7.9,8.2,"{'Drama', 'Animation', 'Comedy', 'Sci-Fi'}",8.1
Fellow Travelers,2023-10-27,tvshow,1 Season,7.6,8.3,"{'Drama', 'Romance'}",8.1
Beckham,2023-10-04,tvshow,1 Season,6.9,8.5,"{'Documentary', 'Sport', 'Biography'}",8.0
Savior Complex,2023-09-26,tvshow,1 Season,8.1,8.0,"{'Crime', 'Documentary'}",8.0
Scavengers Reign,2023-10-19,tvshow,1 Season,8.4,7.9,"{'Drama', 'Animation', 'Adventure', 'Sci-Fi'}",8.0
Agent Elvis,2023-03-17,tvshow,1 Season,6.5,8.5,"{'Animation', 'Comedy', 'Action', 'Crime', 'Thriller'}",7.9
Beef,2023-04-06,tvshow,1 Season,8.6,7.6,"{'Drama', 'Comedy'}",7.9
John Mulaney: Baby J,2023-04-25,tvshow,0 Seasons,7.4,7.9,"{'Documentary', 'Comedy'}",7.8
High Desert,2023-05-17,tvshow,1 Season,6.7,8.2,"{'Crime', 'Comedy', 'Drama'}",7.7
Lockwood & Co.,2023-01-27,tvshow,1 Season,7.8,7.6,"{'Fantasy', 'Mystery', 'Drama', 'Action', 'Thriller', 'Horror', 'Adventure'}",7.7
Hannah Waddingham: Home for Christmas,2023-11-22,tvshow,0 Seasons,7.6,7.7,{'Music'},7.7
Telemarketers,2023-08-13,tvshow,1 Season,8.1,7.4,{'Documentary'},7.6
White House Plumbers,2023-05-01,tvshow,1 Season,6.2,8.2,"{'Drama', 'History', 'Biography'}",7.6
American Born Chinese,2023-05-24,tvshow,1 Season,7.3,7.7,"{'Fantasy', 'Comedy', 'Adventure', 'Action'}",7.6
Primo (2023),2023-05-19,tvshow,1 Season,8.2,7.3,{'Comedy'},7.6
The Artful Dodger,2023-11-29,tvshow,1 Season,6.7,7.8,"{'Crime', 'History', 'Drama'}",7.5
One Piece (2023),2023-08-31,tvshow,2 Seasons,6.7,7.8,"{'Fantasy', 'Drama', 'Comedy', 'Action', 'Adventure'}",7.5
Robbie Williams,2023-11-08,tvshow,1 Season,6.9,7.8,"{'Documentary', 'Music', 'Biography'}",7.5
The Gold,2023-02-12,tvshow,2 Seasons,7.3,7.5,"{'Crime', 'History', 'Drama'}",7.4
Such Brave Girls,2023-11-22,tvshow,2 Seasons,7.2,7.5,{'Comedy'},7.4
The Lost Flowers of Alice Hart,2023-08-03,tvshow,1 Season,6.6,7.7,{'Drama'},7.4
Percy Jackson And The Olympians,2023-12-19,tvshow,2 Seasons,7.3,7.2,"{'Fantasy', 'Family', 'Adventure', 'Action'}",7.2
Once Upon a Time in Northern Ireland,2023-05-22,tvshow,1 Season,8.7,6.6,"{'History', 'Documentary', 'War'}",7.2
Poker Face (2023),2023-01-26,tvshow,2 Seasons,8.4,6.7,"{'Crime', 'Mystery', 'Comedy', 'Drama'}",7.2
Silo,2023-05-05,tvshow,2 Seasons,7.5,7.1,"{'Drama', 'Mystery', 'Sci-Fi'}",7.2
The Clearing,2023-05-24,tvshow,1 Season,6.1,7.6,"{'Drama', 'Mystery', 'Thriller'}",7.2
Mrs. Davis,2023-04-20,tvshow,1 Season,7.8,6.9,"{'Drama', 'Comedy', 'Sci-Fi'}",7.2
Archie,2023-11-23,tvshow,1 Season,6.2,7.7,"{'Drama', 'Biography'}",7.2
Lessons in Chemistry,2023-10-12,tvshow,1 Season,6.8,7.3,{'Drama'},7.2
The Curse (2023),2023-11-09,tvshow,1 Season,7.6,6.9,"{'Drama', 'Thriller', 'Comedy'}",7.1
Extraordinary,2023-01-25,tvshow,2 Seasons,7.7,6.9,"{'Comedy', 'Sci-Fi'}",7.1
Scott Pilgrim Takes Off,2023-11-17,tvshow,1 Season,8.2,6.6,"{'Fantasy', 'Romance', 'Animation', 'Comedy', 'Action', 'Music', 'Adventure'}",7.1
Last Call: When A Serial Killer Stalked Queer New York,2023-07-07,tvshow,1 Season,8.5,6.4,"{'Crime', 'Documentary'}",7.0
Nolly,2023-02-02,tvshow,1 Season,7.9,6.6,"{'Drama', 'Biography'}",7.0
Yu Yu Hakusho (2023),2023-12-14,tvshow,1 Season,7.0,7.0,"{'Fantasy', 'Drama', 'Comedy', 'Action', 'Adventure'}",7.0
MADOFF: The Monster of Wall Street,2023-01-04,tvshow,1 Season,7.4,6.8,"{'Crime', 'Documentary'}",7.0
John Lennon: Murder Without A Trial,2023-12-06,tvshow,1 Season,6.7,7.2,"{'Crime', 'History', 'Documentary'}",7.0
Everyone Else Burns,2023-01-23,tvshow,2 Seasons,8.0,6.5,{'Comedy'},7.0
The Diplomat (2023),2023-02-20,tvshow,2 Seasons,7.5,6.8,"{'Drama', 'Thriller', 'Comedy'}",7.0
Dear Edward,2023-02-02,tvshow,1 Season,6.1,7.3,{'Drama'},6.9
Rain Dogs,2023-03-02,tvshow,1 Season,8.8,6.1,"{'Drama', 'Comedy'}",6.9
Shrinking,2023-01-27,tvshow,2 Seasons,6.8,7.0,"{'Drama', 'Comedy'}",6.9
Still Up,2023-09-22,tvshow,1 Season,6.1,7.3,{'Comedy'},6.9
The Night Agent,2023-03-23,tvshow,2 Seasons,6.8,6.9,"{'Drama', 'Thriller', 'Action'}",6.9
Break Point (2023),2023-01-13,tvshow,2 Seasons,7.0,6.8,"{'Documentary', 'Sport'}",6.9
Jury Duty (2023),2023-04-06,tvshow,1 Season,5.1,7.7,{'Comedy'},6.9
Emergency: NYC,2023-03-29,tvshow,1 Season,9.0,5.8,{'Documentary'},6.8
The Last of Us,2023-01-15,tvshow,2 Seasons,8.4,6.1,"{'Drama', 'Action', 'Thriller', 'Horror', 'Adventure', 'Sci-Fi'}",6.8
Lucky Hank,2023-01-11,tvshow,1 Season,7.0,6.7,"{'Drama', 'Comedy'}",6.8
Dead Ringers (2023),2023-04-21,tvshow,1 Season,7.9,6.4,"{'Drama', 'Thriller', 'Horror'}",6.8
Twisted Metal,2023-07-27,tvshow,2 Seasons,5.5,7.2,"{'Fantasy', 'Comedy', 'Action', 'Adventure', 'Sci-Fi'}",6.7
Chris Rock: Selective Outrage,2023-03-04,tvshow,0 Seasons,5.4,7.3,"{'Documentary', 'Comedy'}",6.7
I'm A Virgo,2023-06-23,tvshow,1 Season,8.5,5.9,"{'Drama', 'Fantasy', 'Comedy'}",6.7
The Fall of the House of Usher,2023-10-12,tvshow,1 Season,7.3,6.4,"{'Drama', 'Mystery', 'Horror'}",6.7
Tiny Beautiful Things,2023-04-07,tvshow,1 Season,7.3,6.5,"{'Drama', 'Comedy'}",6.7
Copenhagen Cowboy,2023-01-05,tvshow,1 Season,6.3,6.9,"{'Crime', 'Thriller', 'Drama'}",6.7
The Big Door Prize,2023-03-29,tvshow,2 Seasons,7.1,6.5,"{'Drama', 'Mystery', 'Comedy', 'Sci-Fi'}",6.7
The Traitors,2023-01-12,tvshow,3 Seasons,7.6,6.3,"{'Game-Show', 'Reality-TV'}",6.7
Love & Death,2023-04-27,tvshow,1 Season,6.2,6.8,"{'Mystery', 'Biography', 'Drama', 'Crime', 'Thriller'}",6.6
Unstable,2023-03-30,tvshow,2 Seasons,6.8,6.5,{'Comedy'},6.6
Full Circle (2023),2023-07-13,tvshow,1 Season,7.0,6.5,"{'Crime', 'Mystery', 'Drama'}",6.6
Bill Russell: Legend,2023-02-08,tvshow,1 Season,8.1,5.9,"{'Documentary', 'Sport', 'Biography'}",6.6
Swarm,2023-03-16,tvshow,1 Season,6.6,6.6,"{'Crime', 'Thriller', 'Comedy', 'Drama'}",6.6
The Lovers (2023),2023-09-07,tvshow,2 Seasons,5.9,6.7,{'Comedy'},6.5
Black Knight (2023),2023-05-12,tvshow,1 Season,7.3,6.2,"{'Sci-Fi', 'Adventure', 'Action'}",6.5
Daisy Jones & The Six,2023-03-01,tvshow,1 Season,6.2,6.6,"{'Drama', 'Music', 'Romance'}",6.5
The Horror of Dolores Roach,2023-07-07,tvshow,1 Season,6.5,6.3,"{'Drama', 'Horror', 'Comedy'}",6.4
A Murder at the End of the World,2023-11-14,tvshow,1 Season,7.3,6.0,"{'Drama', 'Mystery', 'Thriller'}",6.4
Average Joe (2023),2023-06-25,tvshow,2 Seasons,7.3,6.0,"{'Drama', 'Comedy'}",6.4
Who Killed Jill Dando?,2023-09-26,tvshow,1 Season,6.7,6.3,"{'Crime', 'History', 'Documentary', 'Mystery'}",6.4
Life on Our Planet,2023-10-25,tvshow,1 Season,5.7,6.7,{'Documentary'},6.4
The Walking Dead: Daryl Dixon,2023-09-10,tvshow,2 Seasons,6.8,6.2,"{'Drama', 'Horror'}",6.4
School Spirits (2023),2023-03-09,tvshow,2 Seasons,6.9,6.2,"{'Drama', 'Mystery', 'Fantasy'}",6.4
My Adventures with Superman,2023-07-06,tvshow,2 Seasons,8.0,5.6,"{'Fantasy', 'Sci-Fi', 'Animation', 'Comedy', 'Action', 'Adventure', 'Family'}",6.3
Mary Berry's Highland Christmas,2023-12-13,tvshow,0 Seasons,6.0,6.4,{'Reality-TV'},6.3
My Life With the Walter Boys,2023-12-07,tvshow,2 Seasons,5.0,6.9,"{'Drama', 'Romance'}",6.3
The Irrational,2023-09-25,tvshow,2 Seasons,5.5,6.6,"{'Drama', 'Thriller'}",6.3
The Company You Keep (2023),2023-02-19,tvshow,1 Season,6.7,6.1,"{'Crime', 'Drama'}",6.3
The Crowded Room,2023-06-09,tvshow,1 Season,4.8,7.0,"{'Mystery', 'Biography', 'Drama', 'Crime', 'Thriller'}",6.3
Platonic,2023-05-24,tvshow,2 Seasons,7.5,5.8,"{'Comedy', 'Romance'}",6.3
Gen V,2023-09-28,tvshow,2 Seasons,7.3,5.9,"{'Drama', 'Comedy', 'Action', 'Adventure', 'Sci-Fi'}",6.3
Dreaming Whilst Black,2023-07-24,tvshow,1 Season,8.5,5.4,"{'Drama', 'Comedy'}",6.3
Monarch: Legacy of Monsters,2023-11-17,tvshow,2 Seasons,6.8,5.9,"{'Sci-Fi', 'Adventure', 'Action'}",6.2
The Other Black Girl,2023-09-13,tvshow,1 Season,6.8,5.9,"{'Drama', 'Mystery', 'Thriller', 'Comedy'}",6.2
Glamorous,2023-06-22,tvshow,1 Season,5.7,6.4,"{'Drama', 'Comedy'}",6.2
Wolf Pack,2023-01-26,tvshow,1 Season,4.0,7.2,"{'Drama', 'Fantasy', 'Horror'}",6.2
Rabbit Hole,2023-03-26,tvshow,1 Season,6.6,6.1,"{'Drama', 'Thriller', 'Action'}",6.2
Working: What We Do All Day,2023-05-17,tvshow,1 Season,6.8,6.0,{'Documentary'},6.2
Survival of the Thickest,2023-07-13,tvshow,2 Seasons,6.6,6.0,{'Comedy'},6.2
Will Trent,2023-01-03,tvshow,3 Seasons,7.1,5.8,"{'Crime', 'Drama'}",6.2
Marc Maron: From Bleak To Dark,2023-02-11,tvshow,0 Seasons,9.0,4.8,"{'Documentary', 'Comedy'}",6.1
Hijack,2023-06-28,tvshow,2 Seasons,6.6,5.9,"{'Drama', 'Thriller'}",6.1
UnPrisoned,2023-03-09,tvshow,2 Seasons,7.5,5.5,{'Comedy'},6.1
The Reluctant Traveler,2023-02-24,tvshow,2 Seasons,6.9,5.7,"{'Documentary', 'Reality-TV'}",6.1
Black Cake,2023-11-01,tvshow,1 Season,6.8,5.6,"{'Drama', 'History', 'Thriller', 'Mystery'}",6.0
Wellmania,2023-03-29,tvshow,1 Season,7.5,5.4,"{'Drama', 'Comedy'}",6.0
Goosebumps (2023),2023-10-13,tvshow,2 Seasons,6.0,6.0,"{'Fantasy', 'Mystery', 'Drama', 'Comedy', 'Action', 'Thriller', 'Horror', 'Adventure', 'Sci-Fi'}",6.0
Waco: The Aftermath,2023-04-14,tvshow,1 Season,5.2,6.3,"{'Crime', 'History', 'Thriller', 'Drama'}",6.0
Bodies (2023),2023-10-19,tvshow,1 Season,6.5,5.8,"{'Drama', 'History', 'Crime', 'Thriller', 'Sci-Fi'}",6.0
Based on a True Story,2023-06-08,tvshow,2 Seasons,5.9,6.0,{'Comedy'},6.0
Culprits,2023-11-08,tvshow,1 Season,5.6,6.2,"{'Crime', 'Thriller', 'Comedy', 'Action'}",6.0
The Rig,2023-01-05,tvshow,2 Seasons,6.9,5.5,"{'Drama', 'Mystery', 'Thriller', 'Sci-Fi'}",5.9
The Consultant,2023-02-24,tvshow,1 Season,6.6,5.6,"{'Drama', 'Thriller', 'Comedy'}",5.9
Pretty Baby: Brooke Shields,2023-04-03,tvshow,1 Season,7.1,5.4,"{'Documentary', 'Biography'}",5.9
Extended Family,2023-12-23,tvshow,1 Season,5.9,5.9,{'Comedy'},5.9
Justified: City Primeval,2023-07-18,tvshow,1 Season,7.9,5.0,"{'Crime', 'Drama'}",5.9
Hello Tomorrow!,2023-02-16,tvshow,1 Season,6.0,5.7,"{'Drama', 'Comedy', 'Sci-Fi'}",5.8
Kaleidoscope,2023-01-01,tvshow,1 Season,6.0,5.6,"{'Crime', 'Thriller', 'Drama', 'Action'}",5.7
That '90s Show,2023-01-19,tvshow,2 Seasons,5.8,5.6,"{'Drama', 'Comedy', 'Romance'}",5.7
Class of '09,2023-05-10,tvshow,1 Season,6.3,5.4,"{'Crime', 'Thriller', 'Drama'}",5.7
Burden of Proof,2023-06-06,tvshow,1 Season,7.4,5.0,"{'Crime', 'Thriller', 'Documentary'}",5.7
Alert: Missing Persons Unit,2023-01-08,tvshow,3 Seasons,4.8,6.1,"{'Mystery', 'Drama', 'Action', 'Crime', 'Thriller'}",5.7
Not Dead Yet,2023-02-08,tvshow,2 Seasons,5.8,5.6,{'Comedy'},5.7
MH370: The Plane That Disappeared,2023-03-08,tvshow,1 Season,7.1,4.9,{'Documentary'},5.6
Waco: American Apocalypse,2023-03-22,tvshow,1 Season,7.3,4.9,"{'Crime', 'Documentary'}",5.6
Obliterated,2023-11-30,tvshow,1 Season,4.6,6.1,"{'Drama', 'Comedy', 'Action'}",5.6
Strange Planet,2023-08-09,tvshow,1 Season,6.8,5.1,"{'Animation', 'Comedy'}",5.6
The Buccaneers (2023),2023-11-07,tvshow,2 Seasons,7.1,4.9,{'Drama'},5.6
Castlevania: Nocturne,2023-09-28,tvshow,2 Seasons,7.7,4.6,"{'Fantasy', 'Animation', 'Action', 'Thriller', 'Horror', 'Adventure'}",5.5
The Power,2023-03-30,tvshow,1 Season,6.6,5.1,"{'Drama', 'Fantasy', 'Sci-Fi'}",5.5
The Enfield Poltergeist,2023-10-27,tvshow,1 Season,6.3,5.2,"{'Documentary', 'Horror'}",5.5
Lawmen: Bass Reeves,2023-11-05,tvshow,1 Season,6.6,5.1,"{'Drama', 'Western'}",5.5
Ed Sheeran: The Sum of It All,2023-05-03,tvshow,1 Season,8.0,4.4,"{'Documentary', 'Music', 'Biography'}",5.5
All the Light We Cannot See,2023-11-02,tvshow,1 Season,3.6,6.1,"{'Drama', 'History', 'War'}",5.4
Star Wars: Ahsoka,2023-08-22,tvshow,2 Seasons,6.8,4.8,"{'Fantasy', 'Drama', 'Action', 'Adventure', 'Sci-Fi'}",5.4
Wanted: The Escape of Carlos Ghosn,2023-08-25,tvshow,1 Season,8.1,4.3,{'Documentary'},5.4
The Swarm,2023-02-22,tvshow,1 Season,5.4,5.4,"{'Drama', 'Mystery', 'Thriller', 'Sci-Fi'}",5.4
The Continental: From the World of John Wick,2023-09-01,tvshow,1 Season,5.3,5.5,"{'Crime', 'Thriller', 'Action'}",5.4
Special Ops: Lioness,2023-07-23,tvshow,2 Seasons,5.6,5.3,"{'Drama', 'Thriller', 'Action'}",5.4
The Changeling,2023-09-08,tvshow,1 Season,6.4,5.0,"{'Drama', 'Fantasy', 'Horror', 'Thriller'}",5.4
How to Become a Cult Leader,2023-07-28,tvshow,1 Season,5.2,5.5,"{'Crime', 'Documentary'}",5.4
Harlan Coben's Shelter,2023-07-12,tvshow,1 Season,6.5,4.6,"{'Crime', 'Mystery', 'Thriller', 'Drama'}",5.2
Beacon 23,2023-09-12,tvshow,2 Seasons,5.9,4.9,"{'Drama', 'Mystery', 'Thriller', 'Sci-Fi'}",5.2
The Muppets Mayhem,2023-05-10,tvshow,1 Season,7.0,4.5,"{'Musical', 'Music', 'Comedy', 'Family'}",5.2
Live to 100: Secrets Of The Blue Zones,2023-08-30,tvshow,1 Season,6.7,4.4,"{'Documentary', 'Adventure'}",5.1
Who Is Erin Carter?,2023-08-24,tvshow,1 Season,6.2,4.6,"{'Crime', 'Thriller', 'Adventure', 'Action'}",5.1
Liaison,2023-02-24,tvshow,1 Season,4.8,5.0,"{'Drama', 'Thriller'}",4.9
Bupkis,2023-05-04,tvshow,1 Season,6.7,4.2,{'Comedy'},4.9
Krapopolis,2023-09-24,tvshow,3 Seasons,6.0,4.4,"{'Animation', 'Comedy', 'Fantasy'}",4.9
"XO, Kitty",2023-05-18,tvshow,2 Seasons,6.8,4.1,"{'Drama', 'Comedy', 'Romance'}",4.9
FUBAR,2023-05-25,tvshow,2 Seasons,4.8,5.0,"{'Thriller', 'Comedy', 'Adventure', 'Action'}",4.9
Mayfair Witches,2023-01-05,tvshow,2 Seasons,4.7,4.9,"{'Drama', 'Fantasy', 'Horror'}",4.8
Arnold,2023-06-07,tvshow,1 Season,5.9,4.3,"{'Documentary', 'Biography'}",4.8
007: Road to a Million,2023-11-09,tvshow,2 Seasons,5.8,4.4,"{'Game-Show', 'Adventure', 'Reality-TV'}",4.8
Transatlantic,2023-04-07,tvshow,1 Season,6.4,4.1,"{'Drama', 'History'}",4.8
Berlin,2023-12-29,tvshow,2 Seasons,4.0,5.1,"{'Mystery', 'Drama', 'Action', 'Crime', 'Thriller'}",4.8
Queen Charlotte: A Bridgerton Story,2023-05-04,tvshow,1 Season,7.6,3.6,"{'Drama', 'History', 'Romance'}",4.8
Citadel,2023-04-28,tvshow,2 Seasons,5.1,4.5,"{'Drama', 'Thriller', 'Action'}",4.7
The Full Monty,2023-06-14,tvshow,1 Season,5.8,4.2,"{'Drama', 'Comedy'}",4.7
The Walking Dead: Dead City,2023-06-15,tvshow,2 Seasons,5.7,4.3,"{'Drama', 'Thriller', 'Horror', 'Adventure'}",4.7
Accused (2023),2023-01-22,tvshow,2 Seasons,6.0,4.0,"{'Crime', 'Drama'}",4.6
Great Expectations (2023),2023-03-26,tvshow,1 Season,5.2,4.3,"{'Drama', 'History'}",4.6
Found,2023-10-03,tvshow,2 Seasons,4.9,4.4,"{'Crime', 'Mystery', 'Drama'}",4.6
Painkiller,2023-08-10,tvshow,1 Season,5.6,4.2,"{'Crime', 'Drama'}",4.6
"History of the World, Part II",2023-03-06,tvshow,1 Season,6.4,3.7,"{'History', 'Comedy'}",4.5
Skull Island,2023-06-22,tvshow,1 Season,5.1,4.2,"{'Drama', 'Animation', 'Action', 'Romance', 'Adventure'}",4.5
The Watchful Eye,2023-01-30,tvshow,1 Season,5.7,4.0,"{'Drama', 'Mystery', 'Thriller'}",4.5
Goliath (2023),2023-07-14,tvshow,1 Season,7.3,3.2,"{'Documentary', 'Sport', 'Biography'}",4.4
Secret Invasion,2023-06-21,tvshow,1 Season,6.3,3.5,"{'Mystery', 'Drama', 'Action', 'Thriller', 'Adventure', 'Sci-Fi'}",4.3
Dave Chappelle: The Dreamer,2023-12-31,tvshow,0 Seasons,5.0,4.0,{'Comedy'},4.3
The Last Thing He Told Me,2023-04-14,tvshow,2 Seasons,4.9,4.1,"{'Drama', 'Mystery', 'Thriller'}",4.3
True Lies (2023),2023-02-23,tvshow,1 Season,4.9,3.9,"{'Thriller', 'Comedy', 'Adventure', 'Action'}",4.2
Fatal Attraction (2023),2023-04-30,tvshow,1 Season,4.7,4.0,"{'Drama', 'Thriller'}",4.2
Hannah Gadsby: Something Special,2023-05-09,tvshow,0 Seasons,8.0,2.6,"{'Documentary', 'Comedy'}",4.2
City on Fire,2023-05-12,tvshow,1 Season,4.5,3.9,"{'Crime', 'Mystery', 'Drama'}",4.1
Squid Game: The Challenge,2023-11-22,tvshow,2 Seasons,5.1,3.3,"{'Game-Show', 'Reality-TV'}",3.8
Doctor Who (2024),2023-12-25,tvshow,3 Seasons,7.2,2.4,"{'Drama', 'Adventure', 'Sci-Fi'}",3.8
Depp v. Heard,2023-05-21,tvshow,1 Season,4.8,3.4,"{'Crime', 'Documentary'}",3.8
Obsession (2023),2023-04-13,tvshow,1 Season,3.7,3.7,"{'Drama', 'Mystery', 'Thriller', 'Romance'}",3.7
Grease: Rise of the Pink Ladies,2023-04-06,tvshow,1 Season,5.9,2.6,"{'Musical', 'Comedy', 'Romance'}",3.6
The 1619 Project,2023-01-26,tvshow,1 Season,6.7,2.1,"{'History', 'Documentary'}",3.5
The Winter King,2023-08-20,tvshow,1 Season,5.9,2.5,"{'Drama', 'Fantasy'}",3.5
Mulligan,2023-05-12,tvshow,2 Seasons,4.8,2.9,"{'Animation', 'Comedy', 'Sci-Fi'}",3.5
The Ark,2023-02-01,tvshow,2 Seasons,5.0,2.8,"{'Drama', 'Mystery', 'Sci-Fi'}",3.5
Night Court (2023),2023-01-17,tvshow,3 Seasons,6.2,2.4,{'Comedy'},3.5
Extrapolations,2023-03-17,tvshow,1 Season,5.6,2.5,"{'Drama', 'Mystery'}",3.4
Saint X,2023-04-26,tvshow,1 Season,5.1,2.4,"{'Drama', 'Mystery', 'Thriller'}",3.2
Gotham Knights,2023-03-14,tvshow,1 Season,4.1,2.8,"{'Mystery', 'Drama', 'Action', 'Crime', 'Thriller', 'Sci-Fi'}",3.2
African Queens: Njinga,2023-02-15,tvshow,1 Season,6.9,0.8,"{'Drama', 'History', 'Documentary'}",2.6
John Carpenter's Suburban Screams,2023-10-13,tvshow,1 Season,3.0,2.3,{'Horror'},2.5
Velma,2023-01-05,tvshow,2 Seasons,5.4,0.6,"{'Mystery', 'Animation', 'Comedy', 'Crime', 'Horror', 'Adventure'}",2.0
MILF Manor,2023-01-15,tvshow,2 Seasons,1.6,2.0,{'Reality-TV'},1.9
The Idol (2023),2023-06-04,tvshow,1 Season,2.7,1.6,"{'Drama', 'Music'}",1.9
Queen Cleopatra,2023-05-10,tvshow,1 Season,4.5,0.1,"{'Drama', 'Documentary'}",1.4
